first_name,last_name,age,email,salary,join_date
Quincy,White,33.0,beatrice@example.com,64642.0,2022-08-07
Xena,Rodriguez,28.0,quincy@example.com,96273.0,2021-09-03
Leo,Smith,56.0,charlie@example.com,117527.0,2023-07-07
Jack,Allen,33.0,vera@example.com,54033.0,2021-12-02
Charlie,Taylor,38.0,quinn@example.com,30837.0,2023-12-05
Charlie,Miller,55.0,steve@example.com,60876.0,2023-06-15
Steve,Walker,,olivia@example.com,78191.0,2021-11-10
Uma,Walker,19.0,ulysses@example.com,44596.0,2020-11-08
Catherine,Miller,37.0,quinn@example.com,80422.0,2020-10-03
Jack,Miller,50.0,isaac@example.com,41174.0,2022-07-09
Tara,Clark,43.0,tina@example.com,115977.0,2020-04-15
Beatrice,King,40.0,steve@example.com,61174.0,2022-10-31
Eve,Wright,21.0,rachel@example.com,106018.0,2023-07-18
Wendy,King,51.0,hannah@example.com,55580.0,2021-01-04
Kevin,Hall,43.0,henry@example.com,60701.0,2021-02-12
Paul,Miller,24.0,nate@example.com,50492.0,2021-03-11
Mia,Thomas,51.0,uma@example.com,37724.0,2020-05-08
Uma,Torres,27.0,rosa@example.com,95236.0,2021-07-04
Isaac,Martin,54.0,quincy@example.com,117202.0,2021-10-21
Isaac,Williams,30.0,alice@example.com,43020.0,2022-05-13
Uma,White,19.0,xena@example.com,114294.0,2020-11-27
Isaac,Garcia,49.0,olivia@example.com,118806.0,2023-06-06
Ulysses,Martin,24.0,grace@example.com,109957.0,2023-02-06
Ulysses,Flores,43.0,invalid_email,44548.0,2022-09-06
Xena,Miller,38.0,liam@example.com,108307.0,2022-11-24
Eve,Williams,38.0,victor@example.com,95167.0,2021-12-03
David,Allen,31.0,tina@example.com,52227.0,2023-04-07
Bob,Baker,43.0,xena@example.com,76864.0,2021-04-26
Quincy,Torres,47.0,gina@example.com,105636.0,2022-11-01
Leo,Hill,63.0,charlie@example.com,,2023-11-11
Ella,Green,26.0,paul@example.com,113764.0,2023-03-23
Ivy,Scott,31.0,henry@example.com,42837.0,2022-10-31
Eve,Nguyen,42.0,yasmine@example.com,61279.0,2022-12-22
Bob,Adams,33.0,quinn@example.com,113345.0,2022-05-10
Beatrice,Martinez,54.0,rachel@example.com,101786.0,2022-05-15
Isaac,Miller,32.0,catherine@example.com,82976.0,2020-02-26
Ivy,Jones,50.0,tina@example.com,79274.0,2022-05-14
Leo,Mitchell,34.0,invalid_email,60885.0,2023-03-25
Leo,Allen,44.0,nate@example.com,31883.0,2022-01-13
Alice,Adams,,maya@example.com,56218.0,2021-05-06
Mia,Mitchell,28.0,piper@example.com,115644.0,2021-12-27
Liam,Miller,52.0,uma@example.com,73308.0,2023-11-13
Kevin,Rivera,44.0,grace@example.com,98155.0,2020-05-10
Rachel,Walker,,isaac@example.com,49932.0,2020-12-23
Charlie,Davis,23.0,ella@example.com,,2022-07-14
Catherine,Thomas,49.0,isaac@example.com,48158.0,2023-05-19
Charlie,Campbell,,steve@example.com,70646.0,2021-11-21
Bob,Flores,56.0,catherine@example.com,79548.0,2020-07-15
Tara,Thompson,24.0,aaron@example.com,94828.0,2023-12-16
Walter,Davis,43.0,uma@example.com,72366.0,2022-01-05
Quincy,White,27.0,alice@example.com,85119.0,2023-08-25
Charlie,Johnson,30.0,xena@example.com,81358.0,2021-11-19
Paul,Miller,55.0,kevin@example.com,87217.0,2021-11-27
Hannah,Martin,57.0,bob@example.com,34623.0,2023-12-08
Xander,Allen,38.0,ulysses@example.com,80631.0,2020-03-07
Leo,Miller,45.0,alice@example.com,45895.0,2023-09-26
Bob,Johnson,,bob@example.com,117438.0,2022-03-25
Quinn,Garcia,53.0,noah@example.com,71371.0,2021-11-19
Zoe,King,19.0,walter@example.com,77136.0,2023-08-26
Steve,White,41.0,rosa@example.com,30390.0,2022-06-06
Hannah,Clark,43.0,yara@example.com,115106.0,2020-02-20
Jack,Miller,63.0,kevin@example.com,77015.0,2021-09-05
Isaac,Allen,34.0,invalid_email,38217.0,2020-11-10
Frank,Martinez,54.0,felix@example.com,104322.0,2020-11-30
Tara,Wilson,21.0,gina@example.com,32277.0,2021-03-02
Eve,Moore,33.0,charlie@example.com,108482.0,2022-08-14
Jack,White,56.0,charlie@example.com,92468.0,2022-01-08
Maya,Lee,52.0,yara@example.com,40676.0,2021-09-25
Henry,Wilson,54.0,vera@example.com,88195.0,2022-01-13
Maya,Rivera,44.0,david@example.com,37093.0,2020-04-07
Jack,Campbell,20.0,hannah@example.com,95492.0,2021-11-19
Mia,Brown,60.0,victor@example.com,117359.0,2022-09-22
Quincy,Adams,53.0,zoe@example.com,104177.0,2023-07-07
Felix,Adams,37.0,rachel@example.com,91810.0,2021-02-22
Nate,Harris,37.0,henry@example.com,79620.0,2023-12-27
Alice,Wilson,27.0,samuel@example.com,108775.0,2023-01-21
Tara,Rivera,34.0,kevin@example.com,94689.0,2023-05-20
Henry,Flores,58.0,ulysses@example.com,100370.0,2022-01-13
Paul,Rivera,39.0,yara@example.com,61589.0,2020-06-08
Victor,Flores,47.0,isaac@example.com,108462.0,2021-10-25
Vera,Martinez,46.0,owen@example.com,70530.0,2020-05-22
Daniel,Adams,42.0,julia@example.com,48681.0,2021-05-07
Uma,Garcia,59.0,paul@example.com,53984.0,2020-01-19
Tara,Jackson,29.0,xander@example.com,9999999.0,2021-09-27
Jack,Thompson,37.0,owen@example.com,66617.0,2021-12-26
Ulysses,Davis,29.0,ulysses@example.com,56168.0,2020-09-10
Vera,Harris,43.0,samuel@example.com,66256.0,2022-01-13
Paul,Baker,63.0,julia@example.com,68661.0,2020-12-24
Aaron,Robinson,63.0,xander@example.com,35507.0,2022-01-13
Xander,Martinez,57.0,zoe@example.com,103071.0,2022-06-29
Felix,Torres,33.0,mia@example.com,97985.0,2021-01-02
Noah,Scott,21.0,invalid_email,117293.0,2020-03-04
Xander,Harris,19.0,nate@example.com,113299.0,2023-05-15
Kevin,Clark,50.0,daniel@example.com,51757.0,2022-02-02
Xander,Flores,57.0,jack@example.com,64080.0,2021-05-08
Zoe,Robinson,47.0,walter@example.com,96565.0,2022-04-10
Jack,Baker,52.0,jack@example.com,33434.0,2021-02-08
Eve,Campbell,60.0,invalid_email,73155.0,2020-07-22
Frank,Anderson,30.0,bob@example.com,92981.0,2021-06-01
Quincy,White,56.0,victor@example.com,99234.0,2020-04-05
Ulysses,Thomas,31.0,david@example.com,117870.0,2022-09-24
Walter,Johnson,31.0,grace@example.com,54792.0,2022-01-13
Steve,Walker,59.0,grace@example.com,84061.0,2022-04-12
Felix,Young,53.0,julia@example.com,69070.0,2023-05-29
Quincy,King,48.0,invalid_email,36738.0,2022-12-10
Mia,Thomas,27.0,invalid_email,115830.0,2023-12-31
Kira,Wright,48.0,invalid_email,31918.0,2023-05-18
Tara,Wilson,47.0,samuel@example.com,61353.0,2021-08-10
David,Jones,30.0,wendy@example.com,90451.0,2021-07-09
Tina,Lewis,28.0,hannah@example.com,73354.0,2020-01-13
Hannah,Scott,51.0,frank@example.com,93005.0,2021-05-06
Zoe,Wilson,26.0,olivia@example.com,113072.0,2020-06-12
Henry,Garcia,63.0,wendy@example.com,66056.0,2021-07-22
Xena,Garcia,,quinn@example.com,54500.0,2022-01-29
Bob,Hall,23.0,yara@example.com,48241.0,2022-03-02
Noah,Miller,23.0,zoe@example.com,35946.0,2020-11-26
Eve,Rivera,30.0,charlie@example.com,52346.0,2022-09-14
Olivia,Rodriguez,20.0,gina@example.com,102141.0,2020-01-10
Noah,Scott,64.0,invalid_email,111438.0,2023-04-29
Wendy,Adams,25.0,quincy@example.com,116023.0,2023-02-15
Bob,Wilson,45.0,tina@example.com,9999999.0,2022-06-20
Samuel,Martin,53.0,hannah@example.com,85997.0,2021-07-19
Aaron,Harris,59.0,kira@example.com,9999999.0,2020-09-11
Steve,Scott,18.0,yasmine@example.com,55296.0,2023-09-28
Alice,Lewis,48.0,olivia@example.com,59514.0,2022-01-13
Catherine,Anderson,41.0,walter@example.com,45063.0,2021-01-09
Daniel,Anderson,60.0,felix@example.com,68493.0,2022-10-17
Jack,Allen,41.0,mia@example.com,111432.0,2022-03-09
Aaron,Taylor,26.0,aaron@example.com,,2022-06-05
Julia,King,63.0,maya@example.com,70374.0,2020-12-04
Aaron,Davis,22.0,grace@example.com,96473.0,2021-08-27
Yara,Miller,59.0,beatrice@example.com,42521.0,2022-05-14
Walter,Smith,61.0,piper@example.com,64739.0,2022-01-07
Paul,Williams,41.0,charlie@example.com,44700.0,2020-10-03
Rachel,Martin,58.0,david@example.com,117864.0,2021-09-08
Ivy,Nguyen,21.0,gina@example.com,82117.0,2022-06-11
Piper,Miller,59.0,hannah@example.com,113201.0,2023-10-24
Victor,Martin,20.0,julia@example.com,102931.0,2022-07-01
Piper,Baker,56.0,kevin@example.com,79245.0,2021-02-08
Wendy,Smith,,catherine@example.com,51156.0,2022-09-03
Steve,Lewis,28.0,tara@example.com,63499.0,2020-05-14
Samuel,Williams,25.0,liam@example.com,113377.0,2022-07-15
Quinn,Davis,43.0,daniel@example.com,118282.0,2023-10-27
Olivia,Harris,19.0,xena@example.com,32495.0,2020-02-14
Wendy,Wilson,20.0,kira@example.com,38244.0,2021-09-14
Olivia,Adams,40.0,leo@example.com,37419.0,2022-05-04
Mia,Thomas,32.0,quinn@example.com,76340.0,2020-11-15
Felix,Thompson,47.0,tina@example.com,65182.0,2023-10-27
Kevin,Flores,20.0,invalid_email,68996.0,2023-06-13
Julia,Wilson,38.0,jack@example.com,103447.0,2020-05-05
Rachel,Brown,63.0,quincy@example.com,101176.0,2021-07-02
Zoe,Rodriguez,52.0,mia@example.com,99193.0,2023-09-15
Piper,Jones,21.0,daniel@example.com,83158.0,2020-08-07
Quinn,Lewis,63.0,grace@example.com,33180.0,2021-06-10
Yasmine,Smith,55.0,olivia@example.com,56133.0,2023-08-20
Gina,Wright,24.0,wendy@example.com,110874.0,2020-03-02
Ella,Adams,,gina@example.com,116652.0,2023-05-08
Liam,Campbell,62.0,wendy@example.com,98960.0,2022-06-10
Xander,King,24.0,maya@example.com,49522.0,2020-07-26
Hannah,Nelson,54.0,jack@example.com,95682.0,2023-09-16
Rosa,Smith,43.0,isaac@example.com,76993.0,2020-08-03
Noah,Hall,43.0,gina@example.com,33391.0,2020-03-16
Leo,White,64.0,owen@example.com,46114.0,2020-04-08
Olivia,Johnson,19.0,owen@example.com,30391.0,2023-02-16
Ivy,Brown,22.0,invalid_email,39686.0,2023-08-11
Uma,Mitchell,58.0,bob@example.com,37583.0,2023-06-06
Olivia,Martinez,38.0,quincy@example.com,117081.0,2020-10-31
Vera,Rivera,61.0,alice@example.com,85429.0,2021-10-03
Tina,Smith,18.0,steve@example.com,52426.0,2020-04-15
Rosa,Green,50.0,frank@example.com,32566.0,2023-04-09
Piper,Adams,64.0,invalid_email,76828.0,2022-04-07
Victor,Hall,59.0,leo@example.com,67388.0,2020-08-04
Xena,Nguyen,,xena@example.com,93468.0,2020-07-16
Piper,Walker,45.0,hannah@example.com,33997.0,2023-06-22
Piper,Martinez,22.0,piper@example.com,66872.0,2021-06-14
Wendy,Jackson,32.0,charlie@example.com,39612.0,2022-02-21
Jack,Young,26.0,invalid_email,84383.0,2022-01-13
Felix,King,39.0,mia@example.com,66262.0,2022-02-02
Samuel,Rivera,18.0,nate@example.com,65663.0,2022-01-22
Quincy,Walker,,kevin@example.com,105030.0,2022-02-23
Hannah,Campbell,24.0,leo@example.com,81359.0,2023-07-25
Piper,Jones,36.0,wendy@example.com,38057.0,2020-07-09
Tina,Wright,56.0,noah@example.com,110992.0,2021-11-06
Steve,Hall,20.0,wendy@example.com,64161.0,2021-12-17
Walter,Jackson,44.0,uma@example.com,74834.0,2021-05-17
Rosa,Flores,64.0,owen@example.com,114992.0,2023-06-10
Yasmine,King,25.0,wendy@example.com,44055.0,2021-04-27
Kevin,Thompson,53.0,rosa@example.com,51510.0,2021-02-25
Piper,Walker,21.0,piper@example.com,,2022-04-13
Henry,Adams,22.0,eve@example.com,51757.0,2020-09-08
Jack,Rodriguez,62.0,yasmine@example.com,108700.0,2022-04-27
Quincy,Hill,31.0,aaron@example.com,,2020-06-22
Henry,Walker,43.0,xena@example.com,57990.0,2022-01-13
Quincy,Rodriguez,39.0,quinn@example.com,48111.0,2022-09-25
Kevin,Clark,22.0,leo@example.com,83453.0,2023-02-20
Aaron,Moore,55.0,kira@example.com,55853.0,2022-01-14
Liam,Hill,34.0,mia@example.com,89278.0,2021-11-24
Victor,Davis,53.0,henry@example.com,114473.0,2022-08-28
Bob,Jones,31.0,zoe@example.com,44117.0,2021-10-25
Quinn,Scott,45.0,wendy@example.com,105191.0,2022-05-07
Liam,Martinez,55.0,tina@example.com,111673.0,2023-04-14
Henry,Anderson,52.0,aaron@example.com,59069.0,2020-03-20
Olivia,Jackson,25.0,quinn@example.com,115045.0,2021-12-29
Hannah,Moore,43.0,catherine@example.com,91045.0,2022-05-17
Felix,Scott,63.0,walter@example.com,95639.0,2021-09-19
Eve,Campbell,47.0,steve@example.com,87931.0,2023-06-29
Piper,Green,44.0,walter@example.com,72116.0,2023-10-29
Victor,Flores,45.0,isaac@example.com,47492.0,2021-07-05
Bob,Davis,63.0,grace@example.com,69619.0,2021-11-17
Rachel,Rivera,57.0,piper@example.com,104863.0,2022-09-02
Jack,Wilson,53.0,noah@example.com,83368.0,2021-07-27
Uma,Walker,60.0,victor@example.com,59282.0,2022-03-29
Kevin,Martin,25.0,noah@example.com,108738.0,2022-01-18
Isaac,Torres,18.0,quinn@example.com,,2020-02-21
Noah,King,50.0,quinn@example.com,9999999.0,2020-02-10
Paul,Martin,36.0,uma@example.com,71417.0,2022-04-10
Yara,Young,59.0,mia@example.com,69880.0,2022-10-30
Kira,Hill,57.0,charlie@example.com,61291.0,2023-11-10
Uma,Young,51.0,ulysses@example.com,90539.0,2020-03-23
Uma,Williams,45.0,maya@example.com,72645.0,2021-07-20
Frank,Flores,30.0,piper@example.com,,2020-06-16
Nate,Brown,33.0,kevin@example.com,81372.0,2023-11-06
Vera,Adams,39.0,julia@example.com,51481.0,2022-11-03
Gina,Allen,55.0,noah@example.com,117161.0,2021-07-01
Tina,Adams,,felix@example.com,65705.0,2022-12-12
Olivia,Thompson,21.0,victor@example.com,60907.0,2021-10-30
Felix,Robinson,19.0,jack@example.com,80677.0,2022-09-04
Hannah,Walker,56.0,olivia@example.com,,2023-08-05
Rosa,Smith,57.0,hannah@example.com,89509.0,2022-04-14
David,Nelson,51.0,quincy@example.com,62159.0,2022-04-17
Gina,Smith,55.0,isaac@example.com,80789.0,2022-01-13
Isaac,Mitchell,59.0,tina@example.com,73130.0,2023-09-09
Rosa,Hill,46.0,mia@example.com,115591.0,2021-07-06
Leo,Torres,,daniel@example.com,50234.0,2021-01-18
Quincy,Nelson,37.0,vera@example.com,38886.0,2022-04-25
Yasmine,Thomas,54.0,invalid_email,58123.0,2021-01-09
Owen,Lewis,57.0,julia@example.com,72823.0,2021-01-30
Steve,Moore,18.0,jack@example.com,99732.0,2020-11-02
Leo,Walker,50.0,xena@example.com,52279.0,2021-03-19
Xander,Wilson,,noah@example.com,38322.0,2021-06-25
Ivy,Young,48.0,julia@example.com,109978.0,2022-11-27
Walter,Lewis,54.0,julia@example.com,79505.0,2022-01-27
Victor,Johnson,33.0,gina@example.com,90865.0,2022-01-13
Tara,Hall,60.0,bob@example.com,40638.0,2021-06-15
Vera,Adams,19.0,yara@example.com,52378.0,2022-01-23
Felix,Garcia,50.0,leo@example.com,40821.0,2023-06-26
Yasmine,White,59.0,isaac@example.com,59336.0,2022-01-13
Ella,Davis,39.0,nate@example.com,36451.0,2021-03-02
Aaron,Smith,23.0,wendy@example.com,99085.0,2022-01-13
Noah,Anderson,26.0,liam@example.com,67561.0,2021-12-28
Rosa,Hill,59.0,zoe@example.com,45478.0,2022-11-26
Beatrice,Nelson,33.0,steve@example.com,53334.0,2022-07-22
Xander,Garcia,59.0,quinn@example.com,71621.0,2020-11-04
Wendy,Williams,37.0,mia@example.com,,2020-05-08
Rachel,Robinson,42.0,jack@example.com,9999999.0,2023-08-26
Owen,Harris,21.0,vera@example.com,73510.0,2022-07-17
Julia,Jackson,20.0,beatrice@example.com,108277.0,2020-10-05
Piper,Green,50.0,tara@example.com,,2021-03-26
Ulysses,Smith,57.0,piper@example.com,105420.0,2022-12-23
Yara,Garcia,62.0,ella@example.com,117691.0,2023-05-19
Beatrice,Jackson,36.0,bob@example.com,111955.0,2020-09-03
Tara,Nelson,34.0,catherine@example.com,66563.0,2022-02-09
Xena,Moore,23.0,catherine@example.com,52135.0,2023-11-21
Bob,Clark,45.0,quinn@example.com,78832.0,2023-07-04
Uma,Lee,24.0,eve@example.com,45728.0,2022-02-25
Gina,Nguyen,39.0,frank@example.com,67239.0,2021-06-14
Victor,Young,24.0,eve@example.com,40215.0,2021-10-05
Yasmine,Thomas,61.0,noah@example.com,36697.0,2020-05-29
Alice,Moore,60.0,victor@example.com,46472.0,2022-12-10
Yasmine,Jackson,30.0,steve@example.com,81036.0,2022-03-03
Yara,Hill,21.0,uma@example.com,56272.0,2020-01-12
Mia,Jones,43.0,paul@example.com,36341.0,2022-09-19
Daniel,White,28.0,victor@example.com,72419.0,2023-07-23
Jack,Nelson,46.0,yara@example.com,111073.0,2022-04-23
Henry,Rodriguez,61.0,ella@example.com,88387.0,2021-04-23
Ivy,Allen,64.0,daniel@example.com,110762.0,2022-06-07
Wendy,Campbell,34.0,felix@example.com,46408.0,2022-07-15
Kevin,Hill,44.0,frank@example.com,104459.0,2022-07-16
Quincy,Torres,40.0,eve@example.com,104782.0,2023-01-30
Zoe,Walker,21.0,yasmine@example.com,47823.0,2021-12-16
Aaron,Hall,,alice@example.com,50155.0,2020-08-05
Quinn,Torres,41.0,paul@example.com,31989.0,2023-02-11
Gina,Rodriguez,27.0,ivy@example.com,47028.0,2023-01-08
Rachel,Walker,55.0,wendy@example.com,83686.0,2023-12-08
Gina,Young,37.0,leo@example.com,70371.0,2022-08-28
Quinn,Campbell,23.0,walter@example.com,118443.0,2022-04-24
Walter,Campbell,24.0,zoe@example.com,66860.0,2023-06-06
Piper,Lewis,52.0,tara@example.com,82028.0,2020-11-18
Xena,Thomas,54.0,leo@example.com,57562.0,2023-07-12
Ivy,Walker,59.0,frank@example.com,51810.0,2020-02-18
Bob,Flores,34.0,grace@example.com,9999999.0,2022-11-07
Hannah,Anderson,49.0,rachel@example.com,79560.0,2022-05-22
Aaron,Harris,25.0,olivia@example.com,98410.0,2022-10-29
Mia,Hall,54.0,liam@example.com,73444.0,2022-04-26
Tara,Hill,37.0,leo@example.com,117875.0,2021-07-20
Charlie,Smith,30.0,tina@example.com,91707.0,2021-09-09
Henry,Johnson,38.0,uma@example.com,36070.0,2026-05-12
Maya,Hill,53.0,owen@example.com,114530.0,2022-01-13
Alice,Anderson,34.0,david@example.com,107456.0,2021-12-20
Ulysses,Taylor,27.0,quincy@example.com,68164.0,2020-12-17
Vera,Allen,,catherine@example.com,94263.0,2023-01-23
Mia,Robinson,56.0,beatrice@example.com,64078.0,2023-11-24
Zoe,King,55.0,zoe@example.com,66918.0,2023-06-07
Vera,Jackson,21.0,invalid_email,102614.0,2023-02-08
Isaac,Nelson,21.0,beatrice@example.com,108469.0,2020-09-30
Kevin,Flores,49.0,xena@example.com,32404.0,2023-03-17
David,Garcia,19.0,invalid_email,119181.0,2023-12-17
Kevin,Rodriguez,42.0,noah@example.com,62147.0,2020-09-01
Kevin,Brown,42.0,maya@example.com,84198.0,2023-07-30
Felix,Wilson,49.0,henry@example.com,53093.0,2020-06-25
Maya,Williams,63.0,kira@example.com,33207.0,2023-03-29
Daniel,White,21.0,liam@example.com,82322.0,2020-10-09
Jack,Johnson,63.0,jack@example.com,59190.0,2022-01-13
Isaac,Thomas,38.0,leo@example.com,85874.0,2020-07-11
Piper,Taylor,26.0,felix@example.com,103494.0,2022-10-20
Uma,Rivera,,wendy@example.com,99822.0,2022-01-13
Kira,Clark,36.0,aaron@example.com,68265.0,2023-07-15
Mia,Baker,31.0,quinn@example.com,43699.0,2021-05-13
Catherine,Moore,29.0,yasmine@example.com,68385.0,2023-03-25
Noah,Hill,57.0,uma@example.com,47184.0,2021-01-29
Leo,Jones,55.0,samuel@example.com,104305.0,2022-06-02
Olivia,Anderson,37.0,rachel@example.com,95423.0,1920-01-22
Charlie,Martinez,58.0,daniel@example.com,70034.0,2020-04-24
Owen,Young,26.0,nate@example.com,74014.0,2020-08-16
Nate,Baker,39.0,beatrice@example.com,98901.0,2020-01-20
David,Rodriguez,63.0,leo@example.com,63181.0,2022-04-06
Quinn,Anderson,44.0,invalid_email,32383.0,2021-04-17
Owen,Flores,19.0,gina@example.com,85760.0,2022-01-30
Uma,Martinez,37.0,gina@example.com,67059.0,2023-01-15
Owen,Johnson,60.0,catherine@example.com,106991.0,2023-04-21
Rosa,Hill,19.0,invalid_email,64427.0,2021-08-30
Eve,Wilson,,ulysses@example.com,42614.0,2021-06-10
Victor,Harris,29.0,invalid_email,49867.0,2022-03-12
Maya,Adams,38.0,zoe@example.com,84079.0,2021-12-13
Rosa,Garcia,32.0,steve@example.com,99007.0,2023-03-10
Owen,Flores,33.0,vera@example.com,,2021-01-11
Wendy,Martinez,30.0,catherine@example.com,40780.0,2020-09-15
Xander,Wright,24.0,samuel@example.com,117492.0,2022-03-08
Samuel,Torres,19.0,liam@example.com,40039.0,2023-01-30
Quinn,Johnson,63.0,kevin@example.com,,2023-03-24
Rosa,Robinson,55.0,olivia@example.com,66622.0,2022-10-30
Olivia,Moore,43.0,vera@example.com,47167.0,2021-06-28
Steve,Robinson,34.0,julia@example.com,100953.0,2020-09-16
Ella,Davis,63.0,alice@example.com,78020.0,2023-11-09
Ivy,Brown,52.0,maya@example.com,59693.0,2020-05-03
Grace,Smith,18.0,alice@example.com,73693.0,2021-05-17
Henry,Allen,26.0,kevin@example.com,83902.0,2021-02-17
Quinn,Harris,18.0,samuel@example.com,90017.0,2021-11-29
Jack,Miller,32.0,bob@example.com,59811.0,2020-08-26
Noah,Jackson,,ella@example.com,94958.0,2021-12-30
Grace,Taylor,36.0,olivia@example.com,98429.0,2022-10-14
Owen,Jones,46.0,rachel@example.com,94577.0,2023-12-21
Rachel,Torres,38.0,uma@example.com,102367.0,2023-04-08
Rosa,Baker,36.0,xander@example.com,96285.0,2020-05-12
Tara,Lewis,35.0,victor@example.com,63886.0,2021-07-14
Walter,Mitchell,50.0,yasmine@example.com,9999999.0,2020-02-10
Yasmine,Taylor,20.0,ivy@example.com,51756.0,2020-03-21
Julia,Davis,37.0,steve@example.com,64092.0,2023-11-27
Paul,Lee,61.0,piper@example.com,97484.0,2020-02-02
Ella,Nguyen,62.0,grace@example.com,,2023-09-30
Quinn,Lee,64.0,gina@example.com,69751.0,2022-09-30
Liam,Clark,42.0,david@example.com,32684.0,2021-04-22
Quincy,Hall,60.0,gina@example.com,46664.0,2022-01-28
Ulysses,Rivera,47.0,henry@example.com,-82085.0,2020-11-24
Owen,Adams,18.0,gina@example.com,30682.0,2023-03-12
Julia,Mitchell,,piper@example.com,73285.0,2021-07-07
Yasmine,Mitchell,47.0,yara@example.com,79614.0,2021-05-03
Charlie,Williams,19.0,frank@example.com,60677.0,2021-07-17
Ulysses,Baker,25.0,alice@example.com,35586.0,2023-04-23
Samuel,Wilson,34.0,xander@example.com,44615.0,2022-03-05
Xander,Wright,31.0,catherine@example.com,113850.0,2023-03-06
Xena,Brown,56.0,bob@example.com,80857.0,2023-04-16
Olivia,Scott,24.0,vera@example.com,112682.0,2021-01-09
Jack,Williams,25.0,frank@example.com,36519.0,2022-02-11
Noah,White,28.0,tina@example.com,99516.0,2021-04-08
Kira,White,50.0,olivia@example.com,77569.0,2020-07-11
Noah,Lewis,36.0,bob@example.com,66359.0,2020-03-28
Kira,Williams,48.0,tina@example.com,57204.0,2021-08-25
Henry,White,39.0,catherine@example.com,59509.0,2022-01-13
Owen,Jones,61.0,paul@example.com,96985.0,2023-07-06
Aaron,Walker,48.0,tina@example.com,115676.0,2022-05-20
Kira,Williams,44.0,jack@example.com,99095.0,2020-11-05
Daniel,Robinson,64.0,wendy@example.com,79090.0,2020-06-05
Henry,Moore,44.0,catherine@example.com,32990.0,2023-09-22
Catherine,Moore,25.0,yasmine@example.com,116089.0,2023-02-05
Kira,Nelson,38.0,eve@example.com,69168.0,2022-10-12
Daniel,Rivera,43.0,uma@example.com,77477.0,2020-06-22
Aaron,Green,51.0,xena@example.com,60683.0,2020-09-11
Tina,Martin,55.0,vera@example.com,103452.0,2023-03-19
Daniel,Campbell,48.0,owen@example.com,37956.0,2020-04-09
David,Miller,57.0,frank@example.com,117280.0,2022-06-01
Wendy,Walker,64.0,yasmine@example.com,88710.0,2021-07-04
Kira,Harris,23.0,charlie@example.com,9999999.0,2020-02-28
Paul,Hall,61.0,liam@example.com,94634.0,2020-04-30
Walter,Anderson,50.0,rosa@example.com,75468.0,2021-02-27
Maya,Wilson,33.0,charlie@example.com,43641.0,2022-01-13
Gina,Garcia,31.0,yara@example.com,91272.0,2020-05-23
Daniel,Robinson,32.0,felix@example.com,119135.0,2023-06-18
Jack,Baker,25.0,tina@example.com,81599.0,2020-08-18
Ulysses,Moore,32.0,invalid_email,9999999.0,2023-11-13
Catherine,Garcia,42.0,david@example.com,94434.0,2022-01-13
Xena,Johnson,37.0,zoe@example.com,71158.0,2021-12-26
Kevin,Allen,31.0,victor@example.com,70973.0,2020-04-25
Paul,Hall,43.0,mia@example.com,65318.0,2023-03-16
Ivy,Martin,35.0,gina@example.com,41807.0,2023-06-13
Kira,Clark,24.0,victor@example.com,81139.0,2023-06-08
Xena,Robinson,47.0,wendy@example.com,119755.0,2022-02-10
Quincy,Thompson,39.0,leo@example.com,59187.0,2021-02-18
Kevin,Wright,43.0,beatrice@example.com,38948.0,2020-01-18
Felix,Mitchell,38.0,beatrice@example.com,93973.0,2022-01-13
Catherine,Lewis,62.0,paul@example.com,80547.0,2020-07-24
Tina,Harris,45.0,julia@example.com,107115.0,2021-06-20
Leo,Lee,60.0,tina@example.com,78131.0,2023-05-21
Quinn,Allen,24.0,invalid_email,49154.0,2021-11-23
Felix,Davis,44.0,rosa@example.com,48990.0,2021-06-26
Charlie,Jackson,56.0,rachel@example.com,80375.0,2022-04-24
Paul,Nguyen,43.0,invalid_email,69266.0,2021-08-29
Quincy,Hill,49.0,bob@example.com,91064.0,2022-09-02
Piper,Williams,41.0,bob@example.com,48741.0,2023-10-14
Gina,Hill,64.0,ulysses@example.com,44529.0,2022-02-05
David,Anderson,43.0,tara@example.com,40391.0,2023-10-12
Alice,Allen,,yara@example.com,38064.0,2022-03-01
Jack,Thomas,47.0,quincy@example.com,9999999.0,2020-07-26
Nate,Jones,55.0,invalid_email,79558.0,2020-02-27
Paul,Thompson,23.0,piper@example.com,106157.0,2020-06-21
Isaac,Johnson,35.0,grace@example.com,98222.0,2022-11-12
Yasmine,Rodriguez,52.0,zoe@example.com,51622.0,2021-06-10
Samuel,Moore,55.0,noah@example.com,102544.0,2020-06-17
Rachel,Baker,34.0,eve@example.com,111749.0,2023-04-25
Yasmine,Scott,60.0,paul@example.com,55262.0,2020-08-20
Hannah,Hall,61.0,xander@example.com,119133.0,2022-11-09
Julia,Martinez,49.0,noah@example.com,54940.0,2023-02-15
Leo,Scott,62.0,alice@example.com,62919.0,2021-01-20
Rachel,Moore,45.0,tara@example.com,85475.0,2022-01-26
Catherine,Taylor,,catherine@example.com,34119.0,2021-06-16
Quinn,Scott,31.0,,117922.0,2020-07-30
Samuel,Davis,35.0,maya@example.com,85874.0,2023-02-01
Felix,Campbell,27.0,victor@example.com,34237.0,2022-03-31
Catherine,King,62.0,alice@example.com,31827.0,2022-04-12
Samuel,Baker,53.0,noah@example.com,93419.0,2020-02-28
Ivy,Clark,40.0,samuel@example.com,90814.0,2023-07-20
Catherine,Nguyen,44.0,steve@example.com,115772.0,2023-10-25
Charlie,Jackson,61.0,yara@example.com,51293.0,2022-05-11
Uma,Davis,46.0,vera@example.com,84352.0,2021-02-04
Samuel,Hall,47.0,gina@example.com,102239.0,2022-01-28
Henry,Thompson,37.0,leo@example.com,46584.0,2021-08-23
Leo,Campbell,22.0,bob@example.com,59621.0,2023-02-27
Maya,Jackson,22.0,steve@example.com,113012.0,2023-01-22
Steve,Flores,,grace@example.com,95147.0,2020-03-16
Zoe,Johnson,23.0,rosa@example.com,116950.0,2020-01-18
Leo,Robinson,35.0,samuel@example.com,32318.0,2023-01-25
Rosa,Hill,45.0,uma@example.com,92692.0,2021-12-11
Olivia,Davis,37.0,daniel@example.com,97962.0,2021-12-30
Aaron,Taylor,18.0,ella@example.com,43985.0,2021-05-21
Quinn,Garcia,23.0,julia@example.com,51023.0,2021-05-16
Kira,Young,28.0,xena@example.com,95973.0,2020-10-07
Bob,Anderson,53.0,piper@example.com,81907.0,2023-01-05
Gina,Jones,62.0,invalid_email,30000.0,2023-09-13
Kevin,Hill,55.0,invalid_email,38752.0,2023-04-28
Quincy,Hill,22.0,olivia@example.com,54639.0,2021-07-02
Olivia,Allen,27.0,uma@example.com,91544.0,2021-06-13
Julia,Nguyen,31.0,mia@example.com,54411.0,2022-04-17
Kevin,Green,39.0,piper@example.com,92210.0,2021-11-09
Alice,Jackson,45.0,julia@example.com,95072.0,2021-04-19
Bob,Martin,52.0,paul@example.com,102572.0,2022-07-28
Noah,Smith,57.0,ivy@example.com,40868.0,2021-03-01
Yasmine,Martin,51.0,hannah@example.com,72246.0,2020-10-17
Nate,Rodriguez,63.0,yasmine@example.com,114023.0,2022-10-13
Mia,Baker,,grace@example.com,54222.0,2023-12-03
Rosa,Allen,52.0,quinn@example.com,89214.0,2020-09-02
Quinn,Hall,62.0,nate@example.com,33813.0,2020-04-06
Tara,Anderson,22.0,jack@example.com,53633.0,2023-12-25
Daniel,Harris,25.0,grace@example.com,51498.0,2023-08-02
Beatrice,Taylor,18.0,noah@example.com,102724.0,2022-01-08
Xander,Johnson,58.0,daniel@example.com,43714.0,2022-05-29
Henry,Lewis,45.0,ulysses@example.com,109043.0,2020-08-22
Catherine,Nelson,56.0,zoe@example.com,30454.0,2023-10-19
Hannah,Rivera,62.0,bob@example.com,39763.0,2022-10-22
Rosa,Scott,52.0,xander@example.com,57208.0,2023-07-26
Kira,Baker,62.0,leo@example.com,30110.0,2023-02-23
Grace,Clark,36.0,invalid_email,43412.0,2023-01-10
Zoe,Hall,31.0,charlie@example.com,85553.0,2022-08-26
Xena,Rivera,27.0,zoe@example.com,43929.0,2020-03-09
Victor,Rivera,54.0,catherine@example.com,107694.0,2020-03-11
Mia,Nelson,,invalid_email,100643.0,2022-05-30
Beatrice,Martin,44.0,isaac@example.com,101331.0,2020-01-21
Kira,King,24.0,ivy@example.com,100294.0,2023-10-17
Xena,Moore,44.0,alice@example.com,109573.0,2022-01-13
Felix,Thomas,45.0,walter@example.com,47540.0,2022-05-24
Alice,Lee,19.0,kira@example.com,47944.0,2023-01-08
Ivy,Rodriguez,59.0,beatrice@example.com,114754.0,2022-03-14
Victor,Rivera,58.0,invalid_email,107524.0,2020-06-27
Kira,Moore,27.0,noah@example.com,37056.0,2023-09-04
Leo,Smith,54.0,tina@example.com,107805.0,2022-03-14
Catherine,Hill,28.0,xander@example.com,63204.0,2022-02-18
Isaac,Campbell,55.0,liam@example.com,,2020-05-11
Grace,Smith,24.0,rachel@example.com,45565.0,2020-06-07
Wendy,Thomas,61.0,noah@example.com,59368.0,2023-05-22
Piper,King,64.0,rachel@example.com,37960.0,2020-07-05
Quinn,Harris,40.0,xander@example.com,69843.0,2020-06-09
Olivia,Anderson,31.0,ella@example.com,48866.0,2023-07-20
Piper,Jackson,40.0,xander@example.com,77025.0,2020-05-18
Mia,Walker,20.0,felix@example.com,,2020-11-07
Owen,Anderson,63.0,leo@example.com,44911.0,2020-05-30
Daniel,Scott,62.0,bob@example.com,58997.0,2020-07-26
Gina,Lee,34.0,ella@example.com,30456.0,2020-12-23
Zoe,Green,23.0,steve@example.com,103553.0,2023-06-18
Aaron,Wilson,51.0,noah@example.com,48294.0,2022-01-13
Samuel,Walker,53.0,yasmine@example.com,,2021-08-31
Uma,Jones,41.0,quincy@example.com,9999999.0,2021-10-14
Ella,Martin,34.0,alice@example.com,98782.0,2020-05-17
Kevin,Rodriguez,20.0,steve@example.com,57125.0,2020-03-12
Uma,Torres,30.0,invalid_email,119020.0,2023-06-25
Alice,Allen,25.0,kira@example.com,57692.0,2021-04-17
Ulysses,Thompson,39.0,beatrice@example.com,43692.0,2021-12-24
Mia,White,34.0,walter@example.com,51922.0,2022-02-25
Paul,Nelson,60.0,aaron@example.com,113392.0,2023-07-03
Aaron,Harris,27.0,rachel@example.com,115356.0,2022-10-17
Ella,Allen,,eve@example.com,70940.0,2023-09-21
Hannah,Lee,-10.0,felix@example.com,100212.0,2022-10-03
Rosa,Lee,24.0,quinn@example.com,94985.0,2023-05-24
Daniel,Campbell,58.0,frank@example.com,98417.0,2020-12-06
Isaac,Garcia,44.0,quinn@example.com,36849.0,2020-01-11
Rachel,Lee,36.0,piper@example.com,84775.0,2020-11-02
Wendy,Rodriguez,20.0,eve@example.com,115864.0,2022-07-12
Rachel,Thompson,47.0,owen@example.com,82940.0,2023-01-16
Maya,Jones,25.0,charlie@example.com,52812.0,2021-05-11
Quincy,Moore,,eve@example.com,78864.0,2022-08-05
Leo,Smith,26.0,zoe@example.com,107163.0,2022-01-13
Quincy,Allen,26.0,yasmine@example.com,111345.0,2020-12-14
Tina,Rodriguez,25.0,eve@example.com,113061.0,2021-07-02
Daniel,Torres,18.0,mia@example.com,71535.0,2022-10-28
Rachel,Smith,59.0,grace@example.com,73305.0,2022-02-26
Piper,White,30.0,grace@example.com,83207.0,2021-03-06
Ulysses,Torres,55.0,uma@example.com,51107.0,2022-01-13
Leo,Brown,40.0,liam@example.com,42789.0,2021-11-22
Beatrice,Clark,,alice@example.com,55958.0,2021-11-30
Vera,Hall,,tara@example.com,68515.0,2023-02-28
Steve,Lee,30.0,invalid_email,,2023-07-11
Ulysses,Lewis,58.0,eve@example.com,34195.0,2021-01-01
Yara,King,49.0,gina@example.com,50519.0,2021-08-26
Kira,Robinson,64.0,daniel@example.com,69666.0,2022-05-05
Nate,Davis,18.0,rosa@example.com,116203.0,2021-05-19
Jack,Green,51.0,quinn@example.com,108150.0,2023-12-16
Liam,Harris,61.0,charlie@example,67156.0,2023-11-20
Frank,Walker,26.0,liam@example.com,9999999.0,2021-11-12
Owen,Lee,64.0,gina@example.com,68302.0,2020-08-17
Beatrice,Davis,24.0,aaron@example.com,94323.0,2022-08-30
Beatrice,Clark,37.0,gina@example.com,97085.0,2022-09-13
Walter,Clark,62.0,maya@example.com,69150.0,2022-06-07
Quincy,Hall,38.0,samuel@example.com,110083.0,2023-10-05
Quincy,Walker,29.0,noah@example.com,69893.0,2022-03-15
Piper,Rodriguez,56.0,jack@example.com,93010.0,2021-07-13
Liam,Baker,38.0,ulysses@example.com,62797.0,2023-04-16
Tina,Martin,49.0,gina@example.com,77632.0,2022-01-13
Eve,Moore,24.0,wendy@example.com,96728.0,2020-10-20
Piper,Allen,32.0,olivia@example.com,113062.0,2023-06-15
Steve,Anderson,47.0,leo@example.com,40010.0,2023-05-24
Gina,King,25.0,victor@example.com,111120.0,2021-01-14
Rosa,Hall,39.0,yasmine@example.com,31653.0,2020-01-08
Rosa,Jackson,25.0,charlie@example.com,57297.0,2022-01-05
Victor,Martin,56.0,ulysses@example.com,95656.0,2020-06-16
Rachel,Thomas,50.0,rosa@example.com,118350.0,2020-07-22
Xander,Adams,35.0,liam@example.com,36061.0,2021-08-05
Piper,Hill,52.0,owen@example.com,61922.0,2022-09-24
Vera,Baker,53.0,catherine@example.com,83384.0,2021-05-23
Quinn,Flores,62.0,invalid_email,67275.0,2022-06-03
Nate,Hill,28.0,charlie@example.com,52040.0,2020-03-21
Piper,Hall,38.0,uma@example.com,110089.0,2022-05-19
Quinn,Clark,40.0,felix@example.com,51119.0,2022-01-13
Xena,Hall,48.0,paul@example.com,51361.0,2022-08-15
Henry,Green,51.0,ulysses@example.com,35384.0,2020-11-26
Beatrice,Nguyen,37.0,rachel@example.com,48677.0,2022-01-13
Piper,Rodriguez,30.0,henry@example.com,57976.0,2020-12-05
Paul,Allen,43.0,walter@example.com,31528.0,2022-10-16
Wendy,Walker,,quincy@example.com,97749.0,2023-03-15
Eve,Nguyen,59.0,frank@example.com,119065.0,2022-01-13
Charlie,Wilson,59.0,nate@example.com,80701.0,2021-06-10
Felix,Williams,22.0,owen@example.com,96520.0,2022-12-25
Tara,Anderson,36.0,catherine@example.com,31121.0,2020-04-14
Felix,Brown,20.0,nate@example.com,65663.0,2020-07-20
Paul,Martin,54.0,alice@example.com,111398.0,2021-06-11
Liam,Thompson,45.0,david@example.com,62022.0,2022-09-15
Charlie,Wilson,44.0,noah@example.com,88912.0,2023-06-26
Henry,Jones,45.0,yasmine@example.com,100667.0,2020-04-13
Frank,Thompson,24.0,rosa@example.com,62203.0,2022-02-19
Owen,Garcia,42.0,xena@example.com,65301.0,2023-10-09
Kevin,Nguyen,34.0,grace@example.com,,2023-09-21
Piper,Moore,19.0,vera@example.com,53709.0,2023-02-27
Grace,Green,36.0,rosa@example.com,65592.0,2021-02-19
Xena,Young,41.0,ivy@example.com,87148.0,2022-06-23
Xander,Davis,43.0,catherine@example.com,101415.0,2020-01-11
Vera,Moore,36.0,ella@example.com,48503.0,2020-12-30
Victor,Torres,32.0,tina@example.com,118230.0,2022-11-18
Victor,Robinson,37.0,xena@example.com,114092.0,2023-04-28
Aaron,Young,56.0,hannah@example.com,96542.0,2022-11-01
Ella,Martinez,36.0,charlie@example.com,49652.0,2020-09-03
Yara,Flores,63.0,david@example.com,104470.0,2021-07-15
Charlie,Thomas,46.0,eve@example.com,98665.0,2022-09-03
Gina,Green,,jack@example.com,78124.0,2022-10-29
Zoe,Flores,45.0,yasmine@example.com,111313.0,2021-12-20
Mia,Mitchell,46.0,henry@example.com,32456.0,2020-09-24
Liam,Davis,47.0,walter@example.com,43021.0,2021-10-11
David,Martinez,26.0,yasmine@example.com,54732.0,2023-02-24
Uma,Young,38.0,ulysses@example.com,103798.0,2022-06-02
Jack,Robinson,55.0,olivia@example.com,100680.0,2020-03-14
Alice,Wright,36.0,yara@example.com,110893.0,2023-01-24
Yasmine,Miller,59.0,samuel@example.com,9999999.0,2022-01-13
Paul,Hall,59.0,invalid_email,75587.0,2021-03-15
Tara,Allen,34.0,invalid_email,57758.0,2020-10-27
Charlie,Nguyen,56.0,maya@example.com,38232.0,2020-12-12
Alice,Taylor,55.0,owen@example.com,69736.0,2020-07-09
Hannah,Nguyen,51.0,catherine@example.com,45775.0,2020-06-25
Ivy,Walker,54.0,rosa@example.com,59593.0,2021-07-08
Leo,Miller,54.0,liam@example.com,70768.0,2021-07-08
Maya,Hall,999.0,isaac@example.com,77908.0,2023-08-24
Aaron,Hill,18.0,hannah@example.com,,2021-03-24
Jack,Mitchell,22.0,jack@example.com,118905.0,2022-06-30
Gina,Johnson,45.0,zoe@example.com,113158.0,2020-05-14
Daniel,Scott,32.0,paul@example.com,57722.0,2021-11-11
Kira,Rivera,32.0,piper@example.com,65742.0,2021-03-01
Alice,Williams,36.0,rachel@example.com,66159.0,2021-02-06
Tara,Harris,43.0,mia@example.com,32437.0,2021-11-21
Ulysses,White,63.0,hannah@example.com,82377.0,2023-06-18
Ella,Walker,19.0,felix@example.com,84327.0,2020-01-24
Henry,Robinson,37.0,noah@example.com,50127.0,2022-10-11
Liam,Garcia,56.0,xander@example.com,74947.0,2021-05-04
David,Williams,62.0,eve@example.com,108379.0,2021-09-02
Hannah,Taylor,63.0,piper@example.com,114944.0,2023-12-28
Paul,Thompson,42.0,felix@example.com,115769.0,2020-01-17
Wendy,Rivera,30.0,jack@example.com,41490.0,2022-06-18
Charlie,Harris,42.0,felix@example.com,75628.0,2022-07-11
Bob,Campbell,42.0,rosa@example.com,110348.0,2022-01-29
Jack,Taylor,57.0,vera@example.com,42064.0,2023-01-10
Mia,Walker,30.0,invalid_email,54260.0,2022-04-16
Leo,Harris,33.0,quincy@example.com,43116.0,2023-02-25
David,Mitchell,23.0,kevin,112600.0,2023-08-05
Victor,Lewis,64.0,bob@example.com,41228.0,2020-03-19
Beatrice,Lewis,31.0,quincy@example.com,68431.0,2022-01-13
Leo,Baker,46.0,tina@example.com,60994.0,2020-05-22
Paul,Miller,54.0,daniel@example.com,107018.0,2020-05-30
Julia,Wright,42.0,tina@example.com,58384.0,2020-10-20
Piper,Moore,57.0,alice@example.com,81749.0,2023-05-25
Quincy,King,55.0,bob@example.com,67687.0,2020-03-07
Alice,Thomas,33.0,noah@example.com,81819.0,2022-05-21
Steve,Wright,57.0,quincy@example.com,79783.0,2023-01-17
Daniel,Brown,20.0,invalid_email,70069.0,2020-02-06
Ulysses,Harris,,grace@example.com,75776.0,2021-09-15
Frank,Nguyen,41.0,ella@example.com,116226.0,2022-03-06
Uma,Green,44.0,daniel@example.com,70283.0,2020-02-18
Piper,Rivera,41.0,ella@example.com,55110.0,2020-06-16
Catherine,Wright,27.0,uma@example.com,30680.0,2022-01-13
David,Adams,60.0,paul@example.com,110264.0,2020-05-21
Rosa,Mitchell,21.0,nate@example.com,90608.0,2021-04-27
Eve,Anderson,33.0,yara@example.com,51101.0,2023-10-19
Walter,Thomas,61.0,felix@example.com,107709.0,2020-11-24
Daniel,Smith,22.0,invalid_email,106997.0,2022-01-13
Victor,Allen,49.0,julia@example.com,32821.0,2023-12-25
11,Martin,18.0,bob@example.com,118873.0,2021-02-06
Alice,Scott,52.0,mia@example.com,94202.0,2023-01-02
Jack,Nguyen,53.0,kevin@example.com,88419.0,2022-01-13
Felix,Martinez,21.0,vera@example.com,119597.0,2023-05-30
Felix,Harris,18.0,olivia@example.com,81947.0,2022-01-13
Aaron,Martinez,30.0,victor@example.com,89104.0,2021-11-16
Isaac,Lewis,19.0,gina@example.com,31643.0,2023-02-01
Victor,Williams,61.0,rachel@example.com,117349.0,2022-07-15
Noah,Mitchell,42.0,aaron@example.com,69049.0,2022-07-09
Piper,Adams,34.0,walter@example.com,63518.0,2022-01-13
Xander,Davis,45.0,zoe@example.com,39671.0,2021-08-16
Xena,Rivera,39.0,charlie@example.com,87941.0,2022-09-24
Liam,Flores,26.0,eve@example.com,103811.0,2022-08-02
Julia,Jones,24.0,vera@example.com,71449.0,2022-01-13
Frank,Martinez,34.0,samuel@example.com,87931.0,2021-10-26
Xena,White,46.0,liam@example.com,98000.0,2020-05-13
Felix,Garcia,,aaron@example.com,109318.0,2022-08-14
Victor,Moore,54.0,walter@example.com,113127.0,2020-02-05
Quincy,Taylor,34.0,paul@example.com,54615.0,2021-01-24
Hannah,Davis,26.0,noah@example.com,61370.0,2021-03-07
Ella,Thomas,62.0,yasmine@example.com,39108.0,2022-01-13
Rachel,Jackson,38.0,wendy@example.com,101358.0,2020-05-05
Owen,Harris,56.0,olivia@example.com,39491.0,2021-01-23
Daniel,Wilson,22.0,aaron@example.com,39560.0,2022-01-13
Olivia,Baker,36.0,nate@example.com,64450.0,2023-02-17
Yara,Flores,48.0,daniel@example.com,106035.0,2022-01-23
Alice,Hall,61.0,olivia@example.com,118082.0,2021-05-04
Yasmine,Wright,62.0,victor@example.com,117133.0,2021-08-05
Tara,Rivera,19.0,aaron@example.com,59827.0,2022-01-02
Rosa,Davis,62.0,victor@example.com,9999999.0,2021-01-06
Quincy,Harris,32.0,tina@example.com,49551.0,2021-12-23
Mia,Robinson,45.0,ivy@example.com,115956.0,2023-04-29
David,Martinez,,tara@example.com,93870.0,2020-04-05
Nate,Brown,,quincy@example.com,70357.0,2022-06-30
Zoe,Baker,23.0,xander@example.com,109204.0,2022-02-17
Victor,Lewis,24.0,tara@example.com,96884.0,2022-12-16
Bob,Scott,43.0,felix@example.com,46385.0,2021-12-21
Mia,Campbell,32.0,julia@example.com,117629.0,2021-06-09
Kira,Harris,,ella@example.com,48641.0,2022-12-02
Nate,Jackson,40.0,owen@example.com,113613.0,2022-10-08
Leo,Torres,,quinn@example.com,107256.0,2020-04-07
Catherine,Torres,24.0,bob@example.com,,2023-03-30
Rosa,Flores,47.0,ulysses@example.com,82009.0,2020-03-24
Walter,Thompson,28.0,alice@example.com,66329.0,2023-06-29
Ulysses,White,48.0,leo@example.com,102708.0,2023-11-15
Wendy,Brown,43.0,noah@example.com,99234.0,2023-09-05
Beatrice,Mitchell,,kira@example.com,77379.0,2022-05-02
Yara,Smith,49.0,beatrice@example.com,80536.0,2022-02-09
Paul,King,51.0,mia@example.com,62267.0,2020-08-17
Ulysses,Torres,60.0,ulysses@example.com,,2021-06-14
Vera,Clark,49.0,tara@example.com,94217.0,2020-02-12
Xena,Johnson,25.0,henry@example.com,50977.0,2022-05-11
Daniel,Hall,22.0,walter@example.com,48514.0,2023-02-15
Gina,Green,32.0,mia@example.com,34674.0,2023-01-13
Yasmine,Martin,21.0,catherine@example.com,30019.0,2023-01-06
Liam,Allen,33.0,rachel@example.com,45092.0,2020-03-24
Catherine,Robinson,34.0,zoe@example.com,84765.0,2023-12-16
Quincy,Clark,33.0,alice@example.com,75596.0,2021-07-29
Beatrice,Baker,57.0,walter@example.com,72289.0,2020-07-26
Bob,Jones,38.0,noah@example.com,119808.0,2021-03-12
Kevin,Jackson,29.0,vera@example.com,62750.0,2020-04-11
Gina,Brown,60.0,kira@example.com,,2021-05-30
Victor,Jones,26.0,charlie@example.com,114109.0,2021-09-24
Tara,Flores,62.0,zoe@example.com,47628.0,2023-06-28
Vera,Mitchell,56.0,jack@example.com,94855.0,2022-10-22
Owen,Walker,22.0,quincy@example.com,,2022-12-08
Walter,Garcia,31.0,grace@example.com,118006.0,2023-01-15
Hannah,Miller,56.0,daniel@example.com,34751.0,2021-05-19
David,Lee,39.0,liam@example.com,30604.0,2022-12-12
David,Garcia,28.0,wendy@example.com,43967.0,2020-08-24
Paul,Lee,43.0,david@example.com,113889.0,2022-01-18
Daniel,Hall,59.0,xander@example.com,72017.0,2022-04-10
Mia,Lewis,22.0,leo@example.com,108397.0,2022-03-05
Grace,Flores,52.0,ulysses@example.com,67125.0,2023-06-08
Jack,Williams,24.0,ivy@example.com,75563.0,2021-01-02
Charlie,King,33.0,jack@example.com,89086.0,2022-04-17
Liam,Rivera,61.0,liam@example.com,115620.0,2023-10-10
Steve,Davis,38.0,zoe@example.com,63109.0,2022-05-13
Gina,Baker,33.0,olivia@example.com,57529.0,2020-05-21
Charlie,Johnson,,liam@example.com,100649.0,2020-11-11
Frank,Nguyen,29.0,tara@example.com,57571.0,2020-11-03
Rachel,Hill,53.0,frank@example.com,90071.0,2022-02-23
Aaron,Lee,34.0,xena@example.com,81473.0,2020-11-06
Frank,Young,27.0,daniel@example.com,111611.0,2023-08-27
Uma,Davis,,tina@example.com,38042.0,2020-08-27
Hannah,Harris,49.0,leo@example.com,93874.0,2023-10-01
Liam,Torres,64.0,tina@example.com,109854.0,2021-10-07
Hannah,Scott,47.0,invalid_email,110936.0,2023-05-05
Tina,Martin,,ella@example.com,72607.0,2022-07-16
Tina,King,61.0,ivy@example.com,55740.0,2022-11-24
Piper,Brown,57.0,wendy@example.com,41048.0,2020-02-25
Yara,Moore,50.0,rosa@example.com,82049.0,2022-10-10
Kira,Johnson,29.0,vera@example.com,96483.0,2022-04-05
Paul,Thomas,22.0,yasmine@example.com,118762.0,2022-07-14
Quincy,Smith,,quincy@example.com,112002.0,2023-04-21
Xander,Hill,32.0,olivia@example.com,95425.0,2021-10-07
Xena,Rivera,60.0,samuel@example.com,116982.0,2022-02-06
Julia,Martinez,41.0,catherine@example.com,68844.0,2022-03-18
Ulysses,Robinson,31.0,liam@example.com,,2020-11-03
Isaac,Moore,39.0,invalid_email,106729.0,2022-05-13
Xena,Rivera,26.0,isaac@example.com,109324.0,2022-09-22
Alice,Hill,56.0,alice@example.com,88066.0,2021-12-06
Henry,Baker,63.0,bob@example.com,94911.0,2023-01-12
Alice,White,51.0,ulysses@example.com,100657.0,2023-01-29
Gina,Rivera,37.0,steve@example.com,111008.0,2023-01-25
Grace,Walker,43.0,noah@example.com,36958.0,2022-01-13
Ulysses,Thompson,34.0,leo@example.com,110783.0,2023-10-26
Henry,Smith,39.0,gina@example.com,34284.0,2023-01-03
Isaac,Robinson,18.0,samuel@example.com,82963.0,2020-10-12
Ulysses,Miller,57.0,rosa@example.com,46340.0,2020-12-21
Walter,King,37.0,walter@example.com,56865.0,2023-06-26
Grace,Anderson,42.0,grace@example.com,66899.0,2020-08-30
Tina,Scott,52.0,jack@example.com,77900.0,2021-02-24
Ulysses,Rivera,24.0,tara@example.com,79015.0,2022-01-13
Victor,Johnson,58.0,aaron@example.com,117922.0,2020-01-01
Gina,Young,,piper@example.com,36118.0,2020-10-27
Gina,Smith,24.0,nate@example.com,92840.0,2020-10-05
Daniel,Hall,56.0,alice@example.com,109351.0,2023-01-30
Ella,Nguyen,63.0,felix@example.com,69091.0,2022-04-21
Catherine,Thomas,43.0,maya@example.com,93980.0,2022-09-18
Olivia,Davis,,quincy@example.com,48948.0,2021-05-10
Isaac,Jones,48.0,noah@example.com,86757.0,2020-07-31
Uma,Adams,35.0,isaac@example.com,119696.0,2020-08-31
Alice,King,39.0,kira@example.com,60229.0,2023-09-01
Bob,Hall,29.0,wendy@example.com,47620.0,2021-08-02
Rosa,Scott,35.0,kevin@example.com,31681.0,2020-02-27
David,Scott,29.0,yasmine@example.com,34503.0,2021-06-09
Kevin,Torres,55.0,ulysses@example.com,97704.0,2020-07-30
Jack,Davis,47.0,vera@example.com,71863.0,2020-08-05
Victor,Smith,60.0,uma@example.com,68486.0,2021-03-23
Isaac,Mitchell,37.0,zoe@example.com,43934.0,2023-11-29
Liam,Nelson,43.0,yara@example.com,47717.0,2022-01-13
Vera,Smith,24.0,rachel@example.com,31632.0,2020-05-11
Catherine,White,38.0,maya@example.com,81911.0,2020-08-26
Felix,Wright,40.0,paul@example.com,57138.0,2020-10-11
Kevin,Harris,26.0,ulysses@example.com,68619.0,2022-02-15
Maya,Lee,24.0,vera@example.com,106905.0,2021-11-26
Paul,Lewis,50.0,vera@example.com,80788.0,2021-05-16
Yara,Walker,45.0,quincy@example.com,58195.0,2020-08-22
Hannah,King,27.0,isaac@example.com,75721.0,2021-01-20
Noah,Lewis,60.0,julia@example.com,91788.0,2020-10-22
Steve,Hall,24.0,walter@example.com,92824.0,2022-01-30
Yara,Robinson,43.0,david@example.com,79709.0,2021-04-23
Kevin,Smith,19.0,bob@example.com,47184.0,2021-08-20
Ulysses,Jackson,23.0,zoe@example.com,112862.0,2021-01-18
Noah,Mitchell,63.0,zoe@example.com,44919.0,2022-11-30
Walter,Robinson,27.0,quinn@example.com,49194.0,2021-02-02
Ivy,Thompson,43.0,hannah@example.com,101525.0,2022-04-22
Henry,Young,60.0,catherine@example.com,57753.0,2022-07-16
Henry,Jones,23.0,rosa@example.com,47186.0,2020-03-28
Kira,King,46.0,walter@example.com,77098.0,2022-06-28
Vera,Torres,29.0,zoe@example.com,60747.0,2021-03-16
Leo,Hall,61.0,ulysses@example.com,60387.0,2022-06-10
Frank,Brown,47.0,kevin@example.com,114222.0,2022-06-28
Charlie,Thompson,45.0,olivia@example.com,,2023-01-29
Rosa,Nelson,32.0,zoe@example.com,44468.0,2022-01-25
Frank,Jones,27.0,charlie@example.com,115069.0,2023-03-22
Daniel,Martin,51.0,paul@example.com,101324.0,2021-04-22
Owen,Baker,49.0,piper@example.com,60205.0,2022-10-24
Rosa,Martinez,21.0,yara@example.com,118891.0,2023-11-16
Ulysses,Rivera,34.0,nate@example.com,86388.0,2021-06-01
Grace,Walker,36.0,olivia@example.com,76624.0,2021-12-06
Ivy,Jackson,37.0,gina@example.com,76006.0,2020-11-27
Mia,Martin,39.0,kevin@example.com,83189.0,2022-12-14
Ulysses,Wilson,49.0,paul@example.com,34757.0,2022-01-13
Zoe,Brown,36.0,ulysses@example.com,97199.0,2023-11-04
Tina,Mitchell,35.0,olivia@example.com,117595.0,2022-03-07
Bob,Hill,,felix@example.com,66740.0,2021-12-16
Aaron,Anderson,40.0,quincy@example.com,66336.0,2022-05-20
Vera,Hall,44.0,piper@example.com,31650.0,2023-08-22
Mia,Nelson,41.0,invalid_email,9999999.0,2023-01-24
Zoe,Walker,30.0,felix@example.com,51585.0,2021-12-02
Alice,Wilson,57.0,invalid_email,43600.0,2021-03-07
Quinn,Clark,22.0,ivy@example.com,39217.0,2023-07-15
Liam,Torres,34.0,jack@example.com,86796.0,2022-08-30
Xena,Rivera,59.0,charlie@example.com,49910.0,2023-02-03
Samuel,Rivera,21.0,xander@example.com,110096.0,2021-10-15
Piper,Young,53.0,steve@example.com,36564.0,2023-11-25
Piper,Harris,38.0,noah@example.com,115932.0,2020-01-31
Kevin,Clark,24.0,uma@example.com,39924.0,2021-03-25
Beatrice,Martin,60.0,bob@example.com,33141.0,2023-02-06
Yasmine,Scott,63.0,beatrice@example.com,,2020-07-06
Gina,Campbell,25.0,daniel@example.com,96720.0,2021-06-02
Paul,Flores,,invalid_email,108331.0,2021-07-20
Rosa,Davis,55.0,felix@example.com,100196.0,2020-06-29
Isaac,Nelson,41.0,xena@example.com,67932.0,2022-11-25
David,Wright,64.0,daniel@example.com,55286.0,2022-06-26
Eve,Smith,50.0,wendy@example.com,92616.0,2021-06-23
Steve,Rivera,51.0,beatrice@example.com,43151.0,2020-12-27
Walter,Rodriguez,51.0,maya@example.com,99154.0,2021-07-03
Ivy,Green,59.0,victor@example.com,72736.0,2020-12-06
Quincy,Wright,63.0,vera@example.com,70585.0,2021-08-30
Paul,Martin,29.0,owen@example.com,107591.0,2022-11-19
Rachel,Young,36.0,felix@example.com,54831.0,2020-05-07
Walter,Miller,29.0,rosa@example.com,54621.0,2021-02-19
Yasmine,Martinez,57.0,eve@example.com,42833.0,2022-01-13
Jack,Martin,47.0,xena@example.com,116973.0,2022-01-13
Nate,White,34.0,invalid_email,100195.0,2022-01-13
Ivy,King,38.0,rachel@example.com,105459.0,2022-01-21
Nate,Wright,50.0,kira@example.com,54267.0,2020-01-02
Catherine,Scott,34.0,quinn@example.com,35154.0,2021-05-22
Quinn,Torres,35.0,aaron@example.com,96056.0,2020-09-20
Maya,Miller,,zoe@example.com,60445.0,2022-10-28
Julia,Baker,40.0,jack@example.com,51941.0,2022-11-20
Wendy,Garcia,54.0,rosa@example.com,114646.0,2021-11-06
Mia,Walker,19.0,david@example.com,53936.0,2021-02-24
Samuel,Taylor,29.0,gina@example.com,40847.0,2022-07-20
Uma,Torres,55.0,xander@example.com,77373.0,2020-01-04
Bob,Mitchell,32.0,bob@example.com,54428.0,2023-06-02
Wendy,Adams,29.0,isaac@example.com,82808.0,2020-11-05
Maya,Davis,25.0,invalid_email,84908.0,2023-11-27
Frank,Adams,57.0,piper@example.com,,2021-06-14
Frank,Johnson,,zoe@example.com,33562.0,2021-12-11
Piper,Nguyen,54.0,steve@example.com,63336.0,2020-12-04
Rosa,Young,18.0,tara@example.com,117158.0,2021-08-26
Victor,Williams,58.0,kevin@example.com,91156.0,2020-07-08
Xena,Nguyen,50.0,isaac@example.com,119413.0,2022-01-13
Bob,Taylor,23.0,kevin@example.com,111784.0,2022-07-15
Julia,King,34.0,noah@example.com,64102.0,2022-07-18
Xander,Flores,26.0,isaac@example.com,119760.0,2022-01-08
Steve,Martin,54.0,paul@example.com,39980.0,2021-02-13
Zoe,Adams,51.0,bob@example.com,,2020-05-10
Quincy,Flores,22.0,yara@example.com,94681.0,2020-10-25
David,Wilson,44.0,julia@example.com,95040.0,2020-09-20
Paul,Green,30.0,tara@example.com,46829.0,2021-03-02
Noah,Lewis,52.0,steve@example.com,105790.0,2020-08-31
Ulysses,Anderson,61.0,xander@example.com,93725.0,2022-10-30
Mia,Green,37.0,alice@example.com,108586.0,2023-10-24
Olivia,Green,60.0,daniel@example.com,93688.0,2021-07-30
Liam,Jones,61.0,kira@example.com,98192.0,2021-01-06
Julia,Rivera,53.0,rosa@example.com,,2022-06-19
Charlie,Thompson,50.0,invalid_email,109257.0,2023-05-05
Isaac,Taylor,42.0,tina@example.com,52001.0,2020-08-13
Ella,King,29.0,yasmine@example.com,79089.0,2023-03-04
Julia,Miller,56.0,maya@example.com,72227.0,2023-12-08
Frank,Flores,41.0,beatrice@example.com,57022.0,2021-07-04
Beatrice,King,44.0,invalid_email,118109.0,2020-12-15
Quinn,Thomas,39.0,leo@example.com,62246.0,2023-04-03
Ivy,Baker,,kevin@example.com,87728.0,2023-12-23
Hannah,Scott,,tara@example.com,91179.0,2022-10-10
Isaac,Young,25.0,alice@example.com,107766.0,2020-12-26
Noah,Mitchell,24.0,noah@example.com,73917.0,2020-09-17
Bob,Wilson,54.0,invalid_email,32467.0,2022-10-27
Xena,Robinson,35.0,victor@example.com,101270.0,2022-07-28
Wendy,Flores,47.0,uma@example.com,64379.0,2022-07-14
David,Hill,47.0,frank@example.com,118898.0,2022-02-18
Frank,Hall,40.0,maya@example.com,46002.0,2021-08-29
Rachel,King,47.0,liam@example.com,38365.0,2021-11-20
Mia,Flores,36.0,invalid_email,64483.0,2023-02-07
Leo,Thompson,29.0,gina@example.com,98819.0,2023-08-13
Mia,Martin,54.0,julia@example.com,106757.0,2020-10-14
Henry,Lewis,18.0,isaac@example.com,110500.0,2022-10-12
Beatrice,Young,54.0,noah@example.com,93635.0,2022-06-24
Piper,Adams,49.0,piper@example.com,36040.0,2021-07-18
Quinn,Moore,40.0,quinn@example.com,,2020-05-30
Aaron,Martin,25.0,xander@example.com,62594.0,2020-08-07
Kevin,Green,42.0,maya@example.com,32545.0,2022-06-19
Kira,Davis,30.0,alice@example.com,82029.0,2020-03-29
Henry,Davis,23.0,jack@example.com,100804.0,2021-05-23
Mia,Thomas,48.0,aaron@example.com,113299.0,2023-11-16
Felix,Lewis,24.0,maya@example.com,51047.0,2021-08-11
Paul,Mitchell,27.0,piper@example.com,114255.0,2021-12-11
Zoe,Wright,31.0,david@example.com,102548.0,2023-11-28
Tina,Jackson,49.0,isaac@example.com,119354.0,2021-04-24
Isaac,Young,23.0,rachel@example.com,110439.0,2021-09-11
Maya,Adams,40.0,quinn@example.com,75462.0,2023-10-05
Bob,Anderson,48.0,zoe@example.com,63491.0,2022-06-11
Samuel,Torres,50.0,invalid_email,30872.0,2023-06-18
Hannah,Smith,33.0,felix@example.com,84260.0,2020-01-29
Leo,Campbell,63.0,zoe@example.com,71807.0,2020-01-13
David,Adams,64.0,quincy@example.com,106360.0,2020-09-15
Kevin,Lewis,18.0,invalid_email,52692.0,2023-07-12
Rachel,Rodriguez,52.0,victor@example.com,77789.0,2021-10-04
Tina,Williams,51.0,nate@example.com,37592.0,2023-10-19
Piper,Torres,18.0,rosa@example.com,95463.0,2023-02-25
Paul,Davis,35.0,ulysses@example.com,107921.0,2021-10-21
Paul,Baker,64.0,eve@example.com,65330.0,2020-09-23
Grace,Clark,22.0,gina@example.com,60061.0,2020-06-25
Ella,Davis,29.0,noah@example.com,52774.0,2022-05-19
Samuel,Scott,19.0,kira@example.com,65338.0,2022-01-13
Zoe,Young,64.0,piper@example.com,55816.0,2022-01-13
Ella,Baker,35.0,quinn@example.com,70950.0,2022-11-15
Rosa,Brown,51.0,olivia@example.com,36615.0,2023-05-03
Rosa,Scott,46.0,tara@example.com,36906.0,2021-02-16
Jack,Green,35.0,mia@example.com,116841.0,2021-01-08
Rosa,Miller,45.0,yara@example.com,72338.0,2023-11-29
Charlie,Harris,30.0,tina@example.com,36563.0,2023-06-29
Xena,Wright,48.0,invalid_email,31190.0,2023-01-21
Ella,Allen,29.0,ulysses@example.com,53874.0,2020-10-03
Alice,Garcia,49.0,aaron@example.com,107340.0,2020-09-23
Daniel,Young,23.0,rosa@example.com,61439.0,2023-07-12
Daniel,Martinez,39.0,aaron@example.com,41569.0,2021-12-31
Zoe,Walker,,samuel@example.com,44294.0,2020-06-29
Noah,White,64.0,vera@example.com,112810.0,2023-11-01
Olivia,Flores,32.0,rosa@example.com,59462.0,2021-07-23
Leo,Torres,25.0,rosa@example.com,48597.0,2023-04-24
Zoe,King,43.0,xander@example.com,38347.0,2021-03-19
Paul,Nelson,22.0,frank@example.com,72939.0,2022-08-18
Jack,Campbell,25.0,maya@example.com,114425.0,2022-10-02
Uma,Young,61.0,ella@example.com,98316.0,2022-10-18
Liam,Allen,20.0,eve@example.com,112229.0,2020-09-09
Julia,Jackson,61.0,tina@example.com,75460.0,2022-07-11
Felix,Thompson,46.0,alice@example.com,100350.0,2020-05-02
Ulysses,Smith,32.0,ulysses@example.com,102065.0,2023-01-16
Noah,Thompson,47.0,xander@example.com,,2020-08-09
Victor,Williams,25.0,leo@example.com,59462.0,2022-10-09
Ella,King,64.0,quinn@example.com,102409.0,2020-07-11
Kevin,Jones,64.0,quinn@example.com,92195.0,2020-08-05
Ivy,Thompson,62.0,owen@example.com,83071.0,2020-04-30
Piper,Martinez,26.0,paul@example.com,73994.0,2022-01-13
Samuel,White,40.0,hannah@example.com,49336.0,2021-04-05
Victor,Torres,20.0,julia@example.com,106057.0,2021-08-14
Tina,Brown,31.0,david@example.com,67356.0,2022-03-01
Julia,King,51.0,eve@example.com,50598.0,2020-08-03
Henry,Rodriguez,51.0,eve@example.com,61624.0,2022-09-16
Ivy,Taylor,24.0,liam@example.com,103026.0,2023-05-30
Quinn,Wright,38.0,alice@example.com,91369.0,2023-11-24
Kevin,Baker,50.0,felix@example.com,88790.0,2022-12-26
Grace,Miller,23.0,beatrice@example.com,73861.0,2022-04-24
Uma,Hall,21.0,walter@example.com,89267.0,2023-11-22
Xander,Jackson,46.0,quincy@example.com,85399.0,2023-06-30
Owen,Davis,32.0,aaron@example.com,84907.0,2020-08-03
Olivia,Rivera,49.0,xander@example.com,113329.0,2021-10-21
Mia,Robinson,42.0,maya@example.com,116808.0,2022-04-24
Felix,Hall,48.0,rachel@example.com,57387.0,2021-12-03
Owen,Flores,55.0,julia@example.com,33048.0,2023-07-29
Yasmine,Wilson,22.0,nate@example.com,113513.0,2023-11-21
Jack,Williams,37.0,isaac@example.com,52100.0,2020-10-29
Tina,Martin,30.0,felix@example.com,108581.0,2022-04-03
Frank,Lee,32.0,daniel@example.com,63543.0,2023-07-29
Walter,Baker,21.0,ella@example.com,52612.0,2022-08-13
Aaron,Jackson,62.0,quinn@example.com,63682.0,2020-08-31
Ivy,Smith,37.0,yasmine@example.com,63210.0,2020-03-01
Quincy,Campbell,63.0,alice@example.com,80324.0,2021-01-22
Ivy,Jackson,56.0,frank@example.com,80936.0,2022-10-07
Tina,King,,eve@example.com,96557.0,2021-06-23
Hannah,Hill,42.0,nate@example.com,98380.0,2021-07-07
Hannah,Hall,46.0,henry@example.com,50541.0,2023-06-30
Tara,Mitchell,43.0,grace@example.com,119998.0,2022-01-13
Isaac,Wilson,49.0,tara@example.com,60230.0,2022-04-24
Henry,Thomas,41.0,gina@example.com,94949.0,2021-01-14
Aaron,Robinson,55.0,hannah@example.com,56318.0,2022-11-23
